{
    "training_history": {
        "phase1": {
            "train_losses": [
                1.5659039889195168,
                1.0947017292133014,
                0.9877906950431569,
                0.9129179338322324,
                0.8588083362041907,
                0.8150673547067335,
                0.7931587420546828,
                0.7670400853377856,
                0.7387893990393514,
                0.7252373548732977,
                0.7135488395847043,
                0.6912341559786838,
                0.6787520281055517,
                0.6730365045991833,
                0.6569090276068933
            ],
            "train_accuracies": [
                52.66568032243253,
                65.931585123208,
                68.89444416101219,
                71.03081475434927,
                72.87510841283608,
                74.31253507474108,
                74.85459925514004,
                75.54333962552931,
                76.5228814856385,
                76.95398193969696,
                77.12871792255497,
                77.91184123259018,
                78.3850313759502,
                78.4832406509872,
                78.96918524565073
            ],
            "val_losses": [
                0.6996563034259535,
                0.560418300209294,
                0.49238980844228586,
                0.4449000310043559,
                0.39309512823820114,
                0.3682598463632773,
                0.3493466461532376,
                0.34389186458789567,
                0.3163367518093376,
                0.2983683427547011,
                0.2961020898013239,
                0.2535238900625356,
                0.2674665081857761,
                0.2594172000181209,
                0.26093215847248363
            ],
            "val_accuracies": [
                79.88775510204081,
                83.45918367346938,
                85.57142857142857,
                87.3061224489796,
                88.3061224489796,
                88.93877551020408,
                89.6938775510204,
                89.73469387755102,
                90.31632653061224,
                90.86734693877551,
                91.13265306122449,
                92.76530612244898,
                92.1734693877551,
                92.39795918367346,
                92.09183673469387
            ]
        },
        "phase2": {
            "train_losses": [
                0.524184622286972,
                0.4356204567303078,
                0.385807928362096,
                0.34575189728181926,
                0.31940977282819094,
                0.3019224000218473,
                0.27833013050182165,
                0.26051826382178234,
                0.24519652943231351,
                0.23599247574146573,
                0.2212247819564127,
                0.21470318870525465,
                0.20282955734824487,
                0.19214247249945335,
                0.18583562528134692,
                0.17666721376520136,
                0.1750070289011417,
                0.16433243780472495,
                0.15900665954016044,
                0.1506081457808006
            ],
            "train_accuracies": [
                83.2699862251926,
                86.15631855517576,
                87.61032600377531,
                89.00311208611805,
                89.80919340849957,
                90.41247895515535,
                91.11652466710882,
                91.68282230498444,
                92.20065302790674,
                92.54247232284067,
                92.96081832559564,
                93.21718279679608,
                93.69292383041682,
                93.91612672822815,
                94.20692821794806,
                94.47987347584306,
                94.42885567062905,
                94.8293454415591,
                94.98112341207081,
                95.14182949849497
            ],
            "val_losses": [
                0.18722512269641367,
                0.16202953483921503,
                0.1444311794068009,
                0.12585255105112125,
                0.11448753189829448,
                0.1040163590559123,
                0.09514799280583568,
                0.08457602827460126,
                0.07620780208851105,
                0.07810102465315281,
                0.06958719207964957,
                0.06288682525493629,
                0.059657516535098515,
                0.054245561959505605,
                0.0489367659252815,
                0.047244125075319006,
                0.04662084852967939,
                0.041985398416004696,
                0.04305044370392453,
                0.03663194974429727
            ],
            "val_accuracies": [
                94.90816326530613,
                95.53061224489795,
                96.16326530612245,
                96.6734693877551,
                97.07142857142857,
                97.15306122448979,
                97.38775510204081,
                97.56122448979592,
                97.6938775510204,
                97.71428571428571,
                98.09183673469387,
                98.11224489795919,
                98.18367346938776,
                98.59183673469387,
                98.71428571428571,
                98.73469387755102,
                98.66326530612245,
                98.85714285714286,
                98.76530612244898,
                99.07142857142857
            ]
        }
    },
    "final_metrics": {
        "test_loss": 0.03348871813004409,
        "test_accuracy": 98.96949290888685,
        "classification_report": {
            "A": {
                "precision": 0.9946236559139785,
                "recall": 1.0,
                "f1-score": 0.9973045822102425,
                "support": 370
            },
            "B": {
                "precision": 1.0,
                "recall": 0.9817073170731707,
                "f1-score": 0.9907692307692307,
                "support": 328
            },
            "C": {
                "precision": 1.0,
                "recall": 1.0,
                "f1-score": 1.0,
                "support": 338
            },
            "D": {
                "precision": 0.980225988700565,
                "recall": 0.9830028328611898,
                "f1-score": 0.9816124469589816,
                "support": 353
            },
            "E": {
                "precision": 0.982089552238806,
                "recall": 0.9909638554216867,
                "f1-score": 0.9865067466266868,
                "support": 332
            },
            "F": {
                "precision": 0.9912023460410557,
                "recall": 0.9941176470588236,
                "f1-score": 0.9926578560939794,
                "support": 340
            },
            "G": {
                "precision": 0.9968847352024922,
                "recall": 0.9846153846153847,
                "f1-score": 0.9907120743034056,
                "support": 325
            },
            "H": {
                "precision": 0.9909638554216867,
                "recall": 0.9939577039274925,
                "f1-score": 0.9924585218702865,
                "support": 331
            },
            "I": {
                "precision": 0.9835526315789473,
                "recall": 0.9966666666666667,
                "f1-score": 0.990066225165563,
                "support": 300
            },
            "J": {
                "precision": 0.9972375690607734,
                "recall": 1.0,
                "f1-score": 0.9986168741355463,
                "support": 361
            },
            "K": {
                "precision": 0.9914772727272727,
                "recall": 0.9943019943019943,
                "f1-score": 0.9928876244665717,
                "support": 351
            },
            "L": {
                "precision": 0.9941860465116279,
                "recall": 0.991304347826087,
                "f1-score": 0.9927431059506532,
                "support": 345
            },