{
    "training_history": {
        "phase1": {
            "train_losses": [
                1.4092783211702589,
                0.9131113768309013,
                0.807522920315293,
                0.7372944333909572,
                0.6984127560018123
            ],
            "train_accuracies": [
                56.33477011494253,
                70.30747126436782,
                73.60057471264368,
                75.86063218390805,
                77.22557471264368
            ],
            "val_losses": [
                0.4724572586881764,
                0.3637423273175955,
                0.31471008607460293,
                0.27378736767808304,
                0.25246429584427355
            ],
            "val_accuracies": [
                85.42528735632185,
                88.88505747126437,
                90.50574712643679,
                91.36781609195403,
                91.95402298850574
            ]
        },
        "phase2": {
            "train_losses": [
                0.4665771210707467,
                0.34411733743103073,
                0.28604963229134167,
                0.25167411371894266,
                0.2184599428906523
            ],
            "train_accuracies": [
                84.4683908045977,
                88.70977011494253,
                90.70977011494253,
                91.89224137931035,
                93.12068965517241
            ],
            "val_losses": [
                0.12135309317176614,
                0.08953231390949119,
                0.07918894809999448,
                0.06746812635238338,
                0.05101566356675261
            ],
            "val_accuracies": [
                96.98850574712644,
                97.82758620689656,
                98.0919540229885,
                98.33333333333333,
                98.816091954023
            ]
        }
    },
    "final_metrics": {
        "test_loss": 0.05690428502994644,
        "test_accuracy": 98.62068965517241,
        "classification_report": {
            "A": {
                "precision": 0.9743589743589743,
                "recall": 0.9967213114754099,
                "f1-score": 0.9854132901134521,
                "support": 305.0
            },
            "B": {
                "precision": 0.9962962962962963,
                "recall": 0.9962962962962963,
                "f1-score": 0.9962962962962963,
                "support": 270.0
            },
            "C": {
                "precision": 0.9967213114754099,
                "recall": 0.9967213114754099,
                "f1-score": 0.9967213114754099,
                "support": 305.0
            },
            "D": {
                "precision": 0.9933110367892977,
                "recall": 0.9966442953020134,
                "f1-score": 0.9949748743718593,
                "support": 298.0
            },
            "E": {
                "precision": 0.991304347826087,
                "recall": 0.9827586206896551,
                "f1-score": 0.987012987012987,
                "support": 348.0
            },
            "F": {
                "precision": 0.9967948717948718,
                "recall": 0.9967948717948718,
                "f1-score": 0.9967948717948718,
                "support": 312.0
            },
            "G": {
                "precision": 0.9901960784313726,
                "recall": 0.9869706840390879,
                "f1-score": 0.9885807504078303,
                "support": 307.0
            },
            "H": {
                "precision": 0.9829931972789115,
                "recall": 0.993127147766323,
                "f1-score": 0.9880341880341881,
                "support": 291.0
            },
            "I": {
                "precision": 0.9885931558935361,
                "recall": 0.9811320754716981,
                "f1-score": 0.9848484848484849,
                "support": 265.0
            },
            "J": {
                "precision": 0.9904153354632588,
                "recall": 0.9904153354632588,
                "f1-score": 0.9904153354632588,
                "support": 313.0
            },
            "K": {
                "precision": 0.9826388888888888,
                "recall": 0.9929824561403509,
                "f1-score": 0.987783595113438,
                "support": 285.0
            },
            "L": {
                "precision": 0.9932885906040269,
                "recall": 0.9966329966329966,
                "f1-score": 0.9949579831932773,
                "support": 297.0
            },
            "M": {
                "precision": 0.9453924914675768,
                "recall": 0.9685314685314685,
                "f1-score": 0.9568221070811744,
                "support": 286.0
            },
            "N": {
                "precision": 0.9742647058823529,
                "recall": 0.9464285714285714,
                "f1-score": 0.9601449275362319,
                "support": 280.0
            },
            "O": {
                "precision": 0.9935691318327974,
                "recall": 0.9967741935483871,
                "f1-score": 0.9951690821256038,
                "support": 310.0
            },
            "P": {
                "precision": 0.993421052631579,
                "recall": 0.9869281045751634,
                "f1-score": 0.9901639344262295,
                "support": 306.0
            },
            "Q": {
                "precision": 0.9933774834437086,
                "recall": 0.9966777408637874,
                "f1-score": 0.9950248756218906,
                "support": 301.0
            },
            "R": {
                "precision": 0.975,
                "recall": 0.9811320754716981,
                "f1-score": 0.9780564263322884,
                "support": 318.0
            },
            "S": {
                "precision": 0.9695121951219512,
                "recall": 0.9695121951219512,
                "f1-score": 0.9695121951219512,
                "support": 328.0
            },
            "T": {
                "precision": 0.9895470383275261,
                "recall": 0.9793103448275862,
                "f1-score": 0.9844020797227037,
                "support": 290.0
            },
            "U": {
                "precision": 0.9719626168224299,
                "recall": 0.9780564263322884,
                "f1-score": 0.975,
                "support": 319.0
            },
            "V": {
                "precision": 0.9666666666666667,
                "recall": 0.9815384615384616,
                "f1-score": 0.9740458015267176,
                "support": 325.0
            },
            "W": {
                "precision": 0.9961832061068703,
                "recall": 0.9666666666666667,
                "f1-score": 0.981203007518797,
                "support": 270.0
            },
            "X": {
                "precision": 0.9801980198019802,
                "recall": 0.9611650485436893,
                "f1-score": 0.9705882352941176,
                "support": 309.0
            },
            "Y": {
                "precision": 0.9861111111111112,
                "recall": 0.993006993006993,
                "f1-score": 0.9895470383275261,
                "support": 286.0
            },
            "Z": {
                "precision": 1.0,
                "recall": 0.990506329113924,
                "f1-score": 0.9952305246422893,
                "support": 316.0
            },
            "DEL": {
                "precision": 0.9933554817275747,
                "recall": 0.9966666666666667,
                "f1-score": 0.9950083194675541,
                "support": 300.0
            },
            "NOTHING": {
                "precision": 1.0,
                "recall": 1.0,
                "f1-score": 1.0,
                "support": 282.0
            },
            "SPACE": {
                "precision": 1.0,
                "recall": 1.0,
                "f1-score": 1.0,
                "support": 278.0
            },