{
    "cv_scores": [
        0.9306698002350177,
        0.9324324324324325,
        0.9300822561692127,
        0.9212690951821386,
        0.9294947121034077
    ],
    "cv_mean": 0.9287896592244419,
    "cv_std": 0.0038866828222188783,
    "n_selected_features": 32
}