{
    "0": {
        "precision": 0.9459459459459459,
        "recall": 0.9459459459459459,
        "f1-score": 0.9459459459459459,
        "support": 74.0
    },
    "1": {
        "precision": 0.9404761904761905,
        "recall": 1.0,
        "f1-score": 0.9693251533742331,
        "support": 79.0
    },
    "10": {
        "precision": 0.9577464788732394,
        "recall": 0.8831168831168831,
        "f1-score": 0.918918918918919,
        "support": 77.0
    },
    "11": {
        "precision": 1.0,
        "recall": 1.0,
        "f1-score": 1.0,
        "support": 76.0
    },
    "12": {
        "precision": 0.9852941176470589,
        "recall": 0.8589743589743589,
        "f1-score": 0.9178082191780822,
        "support": 78.0
    },
    "13": {
        "precision": 0.9333333333333333,
        "recall": 0.9333333333333333,
        "f1-score": 0.9333333333333333,
        "support": 75.0
    },
    "14": {
        "precision": 0.96,
        "recall": 0.9863013698630136,
        "f1-score": 0.972972972972973,
        "support": 73.0
    },
    "15": {
        "precision": 1.0,
        "recall": 0.9078947368421053,
        "f1-score": 0.9517241379310345,
        "support": 76.0
    },
    "16": {
        "precision": 0.921875,
        "recall": 0.9365079365079365,
        "f1-score": 0.9291338582677166,
        "support": 63.0
    },
    "17": {
        "precision": 0.7857142857142857,
        "recall": 0.8461538461538461,
        "f1-score": 0.8148148148148148,
        "support": 78.0
    },
    "18": {
        "precision": 0.8023255813953488,
        "recall": 0.8961038961038961,
        "f1-score": 0.8466257668711656,
        "support": 77.0
    },
    "19": {
        "precision": 0.9259259259259259,
        "recall": 0.9868421052631579,
        "f1-score": 0.9554140127388535,
        "support": 76.0
    },
    "2": {
        "precision": 0.9866666666666667,
        "recall": 1.0,
        "f1-score": 0.9932885906040269,
        "support": 74.0
    },
    "20": {
        "precision": 0.921875,
        "recall": 0.7468354430379747,
        "f1-score": 0.8251748251748252,
        "support": 79.0
    },
    "21": {
        "precision": 0.8387096774193549,
        "recall": 0.975,
        "f1-score": 0.9017341040462428,
        "support": 80.0
    },
    "22": {
        "precision": 1.0,
        "recall": 0.987012987012987,
        "f1-score": 0.9934640522875817,
        "support": 77.0
    },
    "23": {
        "precision": 0.8735632183908046,
        "recall": 0.9743589743589743,
        "f1-score": 0.9212121212121213,
        "support": 78.0
    },
    "24": {
        "precision": 0.961038961038961,
        "recall": 0.9487179487179487,
        "f1-score": 0.9548387096774194,
        "support": 78.0
    },
    "25": {
        "precision": 0.92,
        "recall": 0.8846153846153846,
        "f1-score": 0.9019607843137255,
        "support": 78.0
    },
    "26": {
        "precision": 0.948051948051948,
        "recall": 1.0,
        "f1-score": 0.9733333333333334,
        "support": 73.0
    },
    "27": {
        "precision": 1.0,
        "recall": 1.0,
        "f1-score": 1.0,
        "support": 2.0
    },
    "28": {
        "precision": 1.0,
        "recall": 1.0,
        "f1-score": 1.0,
        "support": 80.0
    },
    "3": {
        "precision": 0.9230769230769231,
        "recall": 0.7894736842105263,
        "f1-score": 0.851063829787234,
        "support": 76.0
    },
    "4": {
        "precision": 0.8875,
        "recall": 0.9466666666666667,
        "f1-score": 0.9161290322580645,
        "support": 75.0
    },
    "5": {
        "precision": 0.9864864864864865,
        "recall": 0.9358974358974359,
        "f1-score": 0.9605263157894737,
        "support": 78.0
    },
    "6": {
        "precision": 0.9625,
        "recall": 0.9625,
        "f1-score": 0.9625,
        "support": 80.0
    },
    "7": {
        "precision": 0.9857142857142858,
        "recall": 0.971830985915493,
        "f1-score": 0.9787234042553191,
        "support": 71.0
    },
    "8": {
        "precision": 0.9714285714285714,
        "recall": 0.9066666666666666,
        "f1-score": 0.9379310344827586,
        "support": 75.0
    },
    "9": {
        "precision": 0.8947368421052632,
        "recall": 0.9444444444444444,
        "f1-score": 0.918918918918919,
        "support": 72.0
    },
    "accuracy": 0.9337406015037594,
    "macro avg": {
        "precision": 0.9386201875755378,
        "recall": 0.936386035643068,
        "f1-score": 0.9360971100168315,
        "support": 2128.0
    },
    "weighted avg": {
        "precision": 0.9362883059799245,
        "recall": 0.9337406015037594,
        "f1-score": 0.9335277176928816,
        "support": 2128.0
    }
}