{
    "training_history": {
        "phase1": {
            "train_losses": [
                1.5548214174104875,
                1.0946477322323573,
                0.9835004567102917,
                0.9127512275078306,
                0.8639814090553667
            ],
            "train_accuracies": [
                52.74093158512321,
                65.77342992704453,
                69.25922146829244,
                71.16728738329677,
                72.58558236824652
            ],
            "val_losses": [
                0.72630050079442,
                0.5688742429794629,
                0.48974030629916765,
                0.44697376694954954,
                0.4140485498799369
            ],
            "val_accuracies": [
                78.16326530612245,
                83.13265306122449,
                85.84693877551021,
                86.89795918367346,
                87.5
            ]
        },
        "phase2": {
            "train_losses": [
                0.6440875591525541,
                0.5223538823690234,
                0.4669109881684178,
                0.41432009674441517,
                0.3764455814092367
            ],
            "train_accuracies": [
                79.52272843222285,
                83.32993214631907,
                85.20611193306463,
                86.96877710320902,
                88.15494107443497
            ],
            "val_losses": [
                0.27167288034377735,
                0.23152498841431318,
                0.19585283786810764,
                0.1797601894963933,
                0.15314953776033965
            ],
            "val_accuracies": [
                92.76530612244898,
                93.57142857142857,
                94.48979591836735,
                95.12244897959184,
                95.78571428571429
            ]
        }
    },
    "final_metrics": {
        "test_loss": 0.15485467571850126,
        "test_accuracy": 95.50045913682277,
        "classification_report": {
            "A": {
                "precision": 0.9081885856079405,
                "recall": 0.9891891891891892,
                "f1-score": 0.9469598965071151,
                "support": 370.0
            },
            "B": {
                "precision": 0.9848484848484849,
                "recall": 0.9908536585365854,
                "f1-score": 0.9878419452887538,
                "support": 328.0
            },
            "C": {
                "precision": 0.9881656804733728,
                "recall": 0.9881656804733728,
                "f1-score": 0.9881656804733728,
                "support": 338.0
            },
            "D": {
                "precision": 0.9793510324483776,
                "recall": 0.9405099150141643,
                "f1-score": 0.9595375722543352,
                "support": 353.0
            },
            "E": {
                "precision": 0.9101449275362319,
                "recall": 0.9457831325301205,
                "f1-score": 0.9276218611521418,
                "support": 332.0
            },
            "F": {
                "precision": 0.9563953488372093,
                "recall": 0.9676470588235294,
                "f1-score": 0.9619883040935673,
                "support": 340.0
            },
            "G": {
                "precision": 0.943952802359882,
                "recall": 0.9846153846153847,
                "f1-score": 0.963855421686747,
                "support": 325.0
            },
            "H": {
                "precision": 0.9726443768996961,
                "recall": 0.9667673716012085,
                "f1-score": 0.9696969696969697,
                "support": 331.0
            },
            "I": {
                "precision": 0.9548611111111112,
                "recall": 0.9166666666666666,
                "f1-score": 0.935374149659864,
                "support": 300.0
            },
            "J": {
                "precision": 0.9726027397260274,
                "recall": 0.9833795013850416,
                "f1-score": 0.977961432506887,
                "support": 361.0
            },
            "K": {
                "precision": 0.9424657534246575,
                "recall": 0.98005698005698,
                "f1-score": 0.9608938547486033,
                "support": 351.0
            },
            "L": {
                "precision": 0.9478260869565217,
                "recall": 0.9478260869565217,
                "f1-score": 0.9478260869565217,
                "support": 345.0
            },
            "M": {
                "precision": 0.8664850136239782,
                "recall": 0.9352941176470588,
                "f1-score": 0.8995756718528995,
                "support": 340.0
            },
            "N": {
                "precision": 0.9701492537313433,
                "recall": 0.885558583106267,
                "f1-score": 0.9259259259259259,
                "support": 367.0
            },
            "O": {
                "precision": 0.9838187702265372,
                "recall": 0.95,
                "f1-score": 0.9666136724960255,
                "support": 320.0
            },
            "P": {
                "precision": 0.9915492957746479,
                "recall": 0.9436997319034852,
                "f1-score": 0.967032967032967,
                "support": 373.0
            },
            "Q": {
                "precision": 0.9428571428571428,
                "recall": 0.9880239520958084,
                "f1-score": 0.9649122807017544,
                "support": 334.0
            },
            "R": {
                "precision": 0.959731543624161,
                "recall": 0.934640522875817,
                "f1-score": 0.9470198675496688,
                "support": 306.0
            },
            "S": {
                "precision": 0.8948863636363636,
                "recall": 0.9104046242774566,
                "f1-score": 0.9025787965616046,
                "support": 346.0
            },
            "T": {
                "precision": 0.9900990099009901,
                "recall": 0.8695652173913043,
                "f1-score": 0.9259259259259259,
                "support": 345.0
            },
            "U": {
                "precision": 0.9151515151515152,
                "recall": 0.937888198757764,
                "f1-score": 0.9263803680981595,
                "support": 322.0
            },
            "V": {
                "precision": 0.9585635359116023,
                "recall": 0.9353099730458221,
                "f1-score": 0.946793997271487,
                "support": 371.0
            },
            "W": {
                "precision": 0.9385964912280702,
                "recall": 0.9727272727272728,
                "f1-score": 0.9553571428571429,
                "support": 330.0
            },
            "X": {
                "precision": 0.9508670520231214,
                "recall": 0.9536231884057971,
                "f1-score": 0.9522431259044862,
                "support": 345.0
            },
            "Y": {
                "precision": 0.9487179487179487,
                "recall": 0.9652173913043478,
                "f1-score": 0.9568965517241379,
                "support": 345.0
            },
            "Z": {
                "precision": 0.9725609756097561,
                "recall": 0.9550898203592815,
                "f1-score": 0.9637462235649547,
                "support": 334.0
            },
            "DEL": {
                "precision": 0.9967741935483871,
                "recall": 0.987220447284345,
                "f1-score": 0.9919743178170144,
                "support": 313.0
            },
            "NOTHING": {
                "precision": 0.9869281045751634,
                "recall": 1.0,
                "f1-score": 0.993421052631579,
                "support": 302.0
            },
            "SPACE": {
                "precision": 1.0,
                "recall": 0.9790419161676647,