{
    "cv_scores": [
        0.8924794359576969,
        0.8860164512338425,
        0.8989424206815512,
        0.8866039952996475,
        0.8789659224441834
    ],
    "cv_mean": 0.8886016451233842,
    "cv_std": 0.006715502731952786,
    "n_selected_features": 28
}