{
    "0": {
        "precision": 0.9142857142857143,
        "recall": 0.8648648648648649,
        "f1-score": 0.8888888888888888,
        "support": 74.0
    },
    "1": {
        "precision": 0.9186046511627907,
        "recall": 1.0,
        "f1-score": 0.9575757575757575,
        "support": 79.0
    },
    "10": {
        "precision": 0.9833333333333333,
        "recall": 0.7662337662337663,
        "f1-score": 0.8613138686131386,
        "support": 77.0
    },
    "11": {
        "precision": 0.9367088607594937,
        "recall": 0.9736842105263158,
        "f1-score": 0.9548387096774194,
        "support": 76.0
    },
    "12": {
        "precision": 0.9516129032258065,
        "recall": 0.7564102564102564,
        "f1-score": 0.8428571428571429,
        "support": 78.0
    },
    "13": {
        "precision": 0.9066666666666666,
        "recall": 0.9066666666666666,
        "f1-score": 0.9066666666666666,
        "support": 75.0
    },
    "14": {
        "precision": 0.9594594594594594,
        "recall": 0.9726027397260274,
        "f1-score": 0.9659863945578231,
        "support": 73.0
    },
    "15": {
        "precision": 0.9655172413793104,
        "recall": 0.7368421052631579,
        "f1-score": 0.835820895522388,
        "support": 76.0
    },
    "16": {
        "precision": 0.8115942028985508,
        "recall": 0.8888888888888888,
        "f1-score": 0.8484848484848485,
        "support": 63.0
    },
    "17": {
        "precision": 0.735632183908046,
        "recall": 0.8205128205128205,
        "f1-score": 0.7757575757575758,
        "support": 78.0
    },
    "18": {
        "precision": 0.7419354838709677,
        "recall": 0.8961038961038961,
        "f1-score": 0.8117647058823529,
        "support": 77.0
    },
    "19": {
        "precision": 0.9594594594594594,
        "recall": 0.9342105263157895,
        "f1-score": 0.9466666666666667,
        "support": 76.0
    },
    "2": {
        "precision": 0.9866666666666667,
        "recall": 1.0,
        "f1-score": 0.9932885906040269,
        "support": 74.0
    },
    "20": {
        "precision": 0.8813559322033898,
        "recall": 0.6582278481012658,
        "f1-score": 0.7536231884057971,
        "support": 79.0
    },
    "21": {
        "precision": 0.7572815533980582,
        "recall": 0.975,
        "f1-score": 0.8524590163934426,
        "support": 80.0
    },
    "22": {
        "precision": 1.0,
        "recall": 0.974025974025974,
        "f1-score": 0.9868421052631579,
        "support": 77.0
    },
    "23": {
        "precision": 0.8152173913043478,
        "recall": 0.9615384615384616,
        "f1-score": 0.8823529411764706,
        "support": 78.0
    },
    "24": {
        "precision": 0.9342105263157895,
        "recall": 0.9102564102564102,
        "f1-score": 0.922077922077922,
        "support": 78.0
    },
    "25": {
        "precision": 0.9027777777777778,
        "recall": 0.8333333333333334,
        "f1-score": 0.8666666666666667,
        "support": 78.0
    },
    "26": {
        "precision": 0.948051948051948,
        "recall": 1.0,
        "f1-score": 0.9733333333333334,
        "support": 73.0
    },
    "27": {
        "precision": 1.0,
        "recall": 1.0,
        "f1-score": 1.0,
        "support": 2.0
    },
    "28": {
        "precision": 1.0,
        "recall": 1.0,
        "f1-score": 1.0,
        "support": 80.0
    },
    "3": {
        "precision": 0.90625,
        "recall": 0.7631578947368421,
        "f1-score": 0.8285714285714286,
        "support": 76.0
    },
    "4": {
        "precision": 0.8860759493670886,
        "recall": 0.9333333333333333,
        "f1-score": 0.9090909090909091,
        "support": 75.0
    },
    "5": {
        "precision": 0.9240506329113924,
        "recall": 0.9358974358974359,
        "f1-score": 0.9299363057324841,
        "support": 78.0
    },
    "6": {
        "precision": 0.9397590361445783,
        "recall": 0.975,
        "f1-score": 0.9570552147239264,
        "support": 80.0
    },
    "7": {
        "precision": 0.9452054794520548,
        "recall": 0.971830985915493,
        "f1-score": 0.9583333333333334,
        "support": 71.0
    },
    "8": {
        "precision": 0.9285714285714286,
        "recall": 0.8666666666666667,
        "f1-score": 0.896551724137931,
        "support": 75.0
    },
    "9": {
        "precision": 0.8292682926829268,
        "recall": 0.9444444444444444,
        "f1-score": 0.8831168831168831,
        "support": 72.0
    },
    "accuracy": 0.900375939849624,
    "macro avg": {
        "precision": 0.9092949232847257,
        "recall": 0.9041287424055899,
        "f1-score": 0.903100747716496,
        "support": 2128.0
    },
    "weighted avg": {
        "precision": 0.9063377577261175,
        "recall": 0.900375939849624,
        "f1-score": 0.8995563246456176,
        "support": 2128.0
    }
}