{
    "training_history": {
        "phase1": {
            "train_losses": [
                1.008541533554004,
                0.6318921256994335,
                0.54219139334816,
                0.4838811533334838,
                0.4463735806521276,
                0.41327300686001633,
                0.39149396181082247,
                0.37625569835919254,
                0.35433546120094944,
                0.34112633780322843,
                0.33497873345950047,
                0.32455240887210157,
                0.31643512606794055,
                0.3060279655396051,
                0.3019365947685987,
                0.2932552856031041,
                0.2876959045401268,
                0.28005359856459694
            ],
            "train_accuracies": [
                69.60614254374777,
                79.85561961124432,
                82.46645579307179,
                84.48803632467731,
                85.55685934391103,
                86.60910157645019,
                87.24299780623437,
                87.7289424008979,
                88.44319167389419,
                88.93551349420947,
                88.999285750727,
                89.45079332687108,
                89.65486454772716,
                90.07321055048212,
                90.07065966022142,
                90.38697005254834,
                90.62675373705423,
                90.9162797816438
            ],
            "val_losses": [
                0.4441880148620093,
                0.33043501088062016,
                0.27349263998142864,
                0.24093768002422897,
                0.21909760222057373,
                0.18878998689911652,
                0.17296911226069792,
                0.1679147202339545,
                0.15572870964129798,
                0.15116257037275777,
                0.13988040243988364,
                0.13386276418021623,
                0.130739894340646,
                0.12096049296381468,
                0.10684362499965568,
                0.12105718384427094,
                0.11191111697484693,
                0.1106554123243857
            ],
            "val_accuracies": [
                86.88775510204081,
                90.64285714285714,
                92.05102040816327,
                92.44897959183673,
                93.6938775510204,
                94.22448979591837,
                94.76530612244898,
                94.94897959183673,
                95.33673469387755,
                95.4795918367347,
                95.76530612244898,
                95.95918367346938,
                95.98979591836735,
                96.37755102040816,
                96.70408163265306,
                96.26530612244898,
                96.73469387755102,
                96.5204081632653
            ]
        },
        "phase2": {
            "train_losses": [
                0.2220932548574614,
                0.17089963466083302,
                0.14863402199745634,
                0.12678543394427672,
                0.11494703683170962,
                0.10518333064181322,
                0.09527684083945216,
                0.08847017055555953,
                0.08137708118410347,
                0.07711325965410229,
                0.07192875477854412,
                0.06715428811317592,
                0.06301093424286812,
                0.05765921470861326,
                0.05633861374024299,
                0.054771471812831464,
                0.05131721568017626,
                0.045859109573330795,
                0.047409208222088696,
                0.045731007827286084
            ],
            "train_accuracies": [
                92.7478189888271,
                94.40079587776134,
                95.06530279067394,
                95.87648589357686,
                96.18004183460027,
                96.51931023927351,
                96.9057701137697,
                97.09326054793122,
                97.34324779347992,
                97.50650477016478,
                97.69782153971737,
                97.7973062598847,
                98.0243354930871,
                98.0728024080404,
                98.16846079281669,
                98.25264017141983,
                98.33809499515331,
                98.53706443548799,
                98.48987296566501,
                98.60848936278761
            ],
            "val_losses": [
                0.07837937061078785,
                0.066579032921026,
                0.05671489514305836,
                0.04799750170786865,
                0.04283831944317156,
                0.03786298713638487,
                0.03725595670488302,
                0.03261989870049698,
                0.02925483759494342,
                0.03055708730597803,
                0.02559563874997766,
                0.02570543795433851,
                0.02366526004329706,
                0.021425575968377703,
                0.017899707054264476,
                0.019157140544024936,
                0.0173036035094286,
                0.016822778559947314,
                0.01618788988339282,
                0.013792094037189926
            ],
            "val_accuracies": [
                97.83673469387755,
                97.98979591836735,
                98.55102040816327,
                98.68367346938776,
                98.85714285714286,
                98.92857142857143,
                98.88775510204081,
                99.08163265306122,
                99.21428571428571,
                99.18367346938776,
                99.33673469387755,
                99.29591836734694,
                99.31632653061224,
                99.35714285714286,
                99.58163265306122,
                99.46938775510205,
                99.5204081632653,
                99.5204081632653,
                99.55102040816327,
                99.61224489795919
            ]
        }
    },
    "final_metrics": {
        "test_loss": 0.013177835156427287,
        "test_accuracy": 99.6122844607693,
        "classification_report": {
            "A": {
                "precision": 0.9946236559139785,
                "recall": 1.0,
                "f1-score": 0.9973045822102425,
                "support": 370
            },
            "B": {
                "precision": 0.9969418960244648,
                "recall": 0.9939024390243902,
                "f1-score": 0.9954198473282444,
                "support": 328
            },
            "C": {
                "precision": 1.0,
                "recall": 1.0,
                "f1-score": 1.0,
                "support": 338
            },
            "D": {
                "precision": 0.9971428571428571,
                "recall": 0.9886685552407932,
                "f1-score": 0.9928876244665719,
                "support": 353
            },
            "E": {
                "precision": 1.0,
                "recall": 0.9939759036144579,
                "f1-score": 0.9969788519637462,
                "support": 332
            },
            "F": {
                "precision": 0.9970674486803519,
                "recall": 1.0,
                "f1-score": 0.9985315712187959,
                "support": 340
            },
            "G": {
                "precision": 1.0,
                "recall": 1.0,
                "f1-score": 1.0,
                "support": 325
            },
            "H": {
                "precision": 1.0,
                "recall": 1.0,
                "f1-score": 1.0,
                "support": 331
            },
            "I": {
                "precision": 0.9933774834437086,
                "recall": 1.0,
                "f1-score": 0.9966777408637874,
                "support": 300
            },
            "J": {
                "precision": 1.0,
                "recall": 0.997229916897507,
                "f1-score": 0.9986130374479889,
                "support": 361
            },
            "K": {
                "precision": 0.9971509971509972,