{"epoch": [0, 1, 2, 3, 4, 5, 6, 7, 8, 9], "loss": [0.050425951733712934, 0.045931398046768546, 0.04211219924193059, 0.0388099039766331, 0.03603124941165453, 0.03366715370578643, 0.03168726498341273, 0.029959695844441664, 0.02852350188247343, 0.02724561230137856], "accuracy": [0, 0, 0, 0, 0, 0, 0, 0, 0, 0], "val_loss": [0.04763688009612414, 0.043019041552835584, 0.03901622713828574, 0.03574159344848321, 0.033484256048591766, 0.03076251325558643, 0.028652216962405615, 0.026985934449701893, 0.025796185038527663, 0.024580648687421058], "val_accuracy": [40.97959183673469, 58.96938775510204, 65.66326530612245, 69.10204081632654, 70.9795918367347, 72.8061224489796, 74.33673469387755, 75.24489795918367, 75.61224489795919, 76.5204081632653]}