{"epoch": [0, 1, 2, 3, 4, 5, 6, 7, 8, 9], "loss": [0.047245735567191555, 0.03750579510269494, 0.03087707663747086, 0.026286000008213108, 0.023021105390855636, 0.020579635639642848, 0.0186751942285176, 0.017225672939214214, 0.01598651542488871, 0.015009499209365626], "accuracy": [0, 0, 0, 0, 0, 0, 0, 0, 0, 0], "val_loss": [0.041153112279957736, 0.03289235804272794, 0.027313808476787875, 0.02348622798919678, 0.02055710987112988, 0.018661099459933137, 0.01688595376480585, 0.01546300436573467, 0.014309636765512926, 0.0134352834608363], "val_accuracy": [60.01149425287356, 74.89655172413794, 79.93103448275862, 82.63218390804597, 84.65517241379311, 86.03448275862068, 87.05747126436782, 87.71264367816092, 88.42528735632185, 88.80459770114942]}