{
    "cv_scores": [
        0.9882491186839013,
        0.9788484136310224,
        0.9776733254994124,
        0.9712103407755581,
        0.9764982373678026
    ],
    "cv_mean": 0.9784958871915392,
    "cv_std": 0.005531657953438239
}