{
    "0": {
        "precision": 0.9861111111111112,
        "recall": 0.9594594594594594,
        "f1-score": 0.9726027397260274,
        "support": 74.0
    },
    "1": {
        "precision": 0.9753086419753086,
        "recall": 1.0,
        "f1-score": 0.9875,
        "support": 79.0
    },
    "10": {
        "precision": 1.0,
        "recall": 0.987012987012987,
        "f1-score": 0.9934640522875817,
        "support": 77.0
    },
    "11": {
        "precision": 1.0,
        "recall": 1.0,
        "f1-score": 1.0,
        "support": 76.0
    },
    "12": {
        "precision": 0.9868421052631579,
        "recall": 0.9615384615384616,
        "f1-score": 0.974025974025974,
        "support": 78.0
    },
    "13": {
        "precision": 0.9866666666666667,
        "recall": 0.9866666666666667,
        "f1-score": 0.9866666666666667,
        "support": 75.0
    },
    "14": {
        "precision": 0.9864864864864865,
        "recall": 1.0,
        "f1-score": 0.9931972789115646,
        "support": 73.0
    },
    "15": {
        "precision": 1.0,
        "recall": 0.9868421052631579,
        "f1-score": 0.9933774834437086,
        "support": 76.0
    },
    "16": {
        "precision": 1.0,
        "recall": 0.9682539682539683,
        "f1-score": 0.9838709677419355,
        "support": 63.0
    },
    "17": {
        "precision": 0.987012987012987,
        "recall": 0.9743589743589743,
        "f1-score": 0.9806451612903225,
        "support": 78.0
    },
    "18": {
        "precision": 0.8953488372093024,
        "recall": 1.0,
        "f1-score": 0.9447852760736196,
        "support": 77.0
    },
    "19": {
        "precision": 0.974025974025974,
        "recall": 0.9868421052631579,
        "f1-score": 0.9803921568627451,
        "support": 76.0
    },
    "2": {
        "precision": 1.0,
        "recall": 1.0,
        "f1-score": 1.0,
        "support": 74.0
    },
    "20": {
        "precision": 0.9871794871794872,
        "recall": 0.9746835443037974,
        "f1-score": 0.9808917197452229,
        "support": 79.0
    },
    "21": {
        "precision": 0.975609756097561,
        "recall": 1.0,
        "f1-score": 0.9876543209876543,
        "support": 80.0
    },
    "22": {
        "precision": 1.0,
        "recall": 1.0,
        "f1-score": 1.0,
        "support": 77.0
    },
    "23": {
        "precision": 1.0,
        "recall": 1.0,
        "f1-score": 1.0,
        "support": 78.0
    },
    "24": {
        "precision": 1.0,
        "recall": 0.9743589743589743,
        "f1-score": 0.987012987012987,
        "support": 78.0
    },
    "25": {
        "precision": 0.9868421052631579,
        "recall": 0.9615384615384616,
        "f1-score": 0.974025974025974,
        "support": 78.0
    },
    "26": {
        "precision": 0.9733333333333334,
        "recall": 1.0,
        "f1-score": 0.9864864864864865,
        "support": 73.0
    },
    "27": {
        "precision": 1.0,
        "recall": 1.0,
        "f1-score": 1.0,
        "support": 2.0
    },
    "28": {
        "precision": 1.0,
        "recall": 1.0,
        "f1-score": 1.0,
        "support": 80.0
    },
    "3": {
        "precision": 0.9736842105263158,
        "recall": 0.9736842105263158,
        "f1-score": 0.9736842105263158,
        "support": 76.0
    },
    "4": {
        "precision": 0.9733333333333334,
        "recall": 0.9733333333333334,
        "f1-score": 0.9733333333333334,
        "support": 75.0
    },
    "5": {
        "precision": 1.0,
        "recall": 0.9615384615384616,
        "f1-score": 0.9803921568627451,
        "support": 78.0
    },
    "6": {
        "precision": 0.9876543209876543,
        "recall": 1.0,
        "f1-score": 0.9937888198757764,
        "support": 80.0
    },
    "7": {
        "precision": 1.0,
        "recall": 1.0,
        "f1-score": 1.0,
        "support": 71.0
    },
    "8": {
        "precision": 1.0,
        "recall": 0.9733333333333334,
        "f1-score": 0.9864864864864865,
        "support": 75.0
    },
    "9": {
        "precision": 0.9452054794520548,
        "recall": 0.9583333333333334,
        "f1-score": 0.9517241379310345,
        "support": 72.0
    },
    "accuracy": 0.9844924812030075,
    "macro avg": {
        "precision": 0.985539477100824,
        "recall": 0.984888909658029,
        "f1-score": 0.9850347720794538,
        "support": 2128.0
    },
    "weighted avg": {
        "precision": 0.9850064698584675,
        "recall": 0.9844924812030075,
        "f1-score": 0.984563006027303,
        "support": 2128.0
    }
}