{
    "accuracy": 0.9844924812030075,
    "precision_macro": 0.985539477100824,
    "recall_macro": 0.984888909658029,
    "f1_macro": 0.9850347720794538,
    "roc_auc_ovr": 0.9986416156132971
}