{
    "cv_scores": [
        0.9794359576968272,
        0.9682726204465335,
        0.9665099882491187,
        0.95475910693302,
        0.9659224441833137
    ],
    "cv_mean": 0.9669800235017627,
    "cv_std": 0.007842337820664411,
    "n_selected_features": 42
}