{
    "0": {
        "precision": 0.9726027397260274,
        "recall": 0.9594594594594594,
        "f1-score": 0.9659863945578231,
        "support": 74.0
    },
    "1": {
        "precision": 0.9518072289156626,
        "recall": 1.0,
        "f1-score": 0.9753086419753086,
        "support": 79.0
    },
    "10": {
        "precision": 1.0,
        "recall": 0.987012987012987,
        "f1-score": 0.9934640522875817,
        "support": 77.0
    },
    "11": {
        "precision": 1.0,
        "recall": 1.0,
        "f1-score": 1.0,
        "support": 76.0
    },
    "12": {
        "precision": 1.0,
        "recall": 0.9487179487179487,
        "f1-score": 0.9736842105263158,
        "support": 78.0
    },
    "13": {
        "precision": 0.9864864864864865,
        "recall": 0.9733333333333334,
        "f1-score": 0.9798657718120806,
        "support": 75.0
    },
    "14": {
        "precision": 0.972972972972973,
        "recall": 0.9863013698630136,
        "f1-score": 0.9795918367346939,
        "support": 73.0
    },
    "15": {
        "precision": 1.0,
        "recall": 0.9605263157894737,
        "f1-score": 0.9798657718120806,
        "support": 76.0
    },
    "16": {
        "precision": 0.9838709677419355,
        "recall": 0.9682539682539683,
        "f1-score": 0.976,
        "support": 63.0
    },
    "17": {
        "precision": 0.9240506329113924,
        "recall": 0.9358974358974359,
        "f1-score": 0.9299363057324841,
        "support": 78.0
    },
    "18": {
        "precision": 0.9047619047619048,
        "recall": 0.987012987012987,
        "f1-score": 0.9440993788819876,
        "support": 77.0
    },
    "19": {
        "precision": 0.9375,
        "recall": 0.9868421052631579,
        "f1-score": 0.9615384615384616,
        "support": 76.0
    },
    "2": {
        "precision": 1.0,
        "recall": 1.0,
        "f1-score": 1.0,
        "support": 74.0
    },
    "20": {
        "precision": 0.9594594594594594,
        "recall": 0.8987341772151899,
        "f1-score": 0.9281045751633987,
        "support": 79.0
    },
    "21": {
        "precision": 0.963855421686747,
        "recall": 1.0,
        "f1-score": 0.9815950920245399,
        "support": 80.0
    },
    "22": {
        "precision": 1.0,
        "recall": 1.0,
        "f1-score": 1.0,
        "support": 77.0
    },
    "23": {
        "precision": 0.975,
        "recall": 1.0,
        "f1-score": 0.9873417721518988,
        "support": 78.0
    },
    "24": {
        "precision": 1.0,
        "recall": 0.9743589743589743,
        "f1-score": 0.987012987012987,
        "support": 78.0
    },
    "25": {
        "precision": 0.9866666666666667,
        "recall": 0.9487179487179487,
        "f1-score": 0.9673202614379085,
        "support": 78.0
    },
    "26": {
        "precision": 0.9605263157894737,
        "recall": 1.0,
        "f1-score": 0.9798657718120806,
        "support": 73.0
    },
    "27": {
        "precision": 1.0,
        "recall": 1.0,
        "f1-score": 1.0,
        "support": 2.0
    },
    "28": {
        "precision": 1.0,
        "recall": 1.0,
        "f1-score": 1.0,
        "support": 80.0
    },
    "3": {
        "precision": 0.96,
        "recall": 0.9473684210526315,
        "f1-score": 0.9536423841059603,
        "support": 76.0
    },
    "4": {
        "precision": 0.9605263157894737,
        "recall": 0.9733333333333334,
        "f1-score": 0.9668874172185431,
        "support": 75.0
    },
    "5": {
        "precision": 0.9864864864864865,
        "recall": 0.9358974358974359,
        "f1-score": 0.9605263157894737,
        "support": 78.0
    },
    "6": {
        "precision": 0.9876543209876543,
        "recall": 1.0,
        "f1-score": 0.9937888198757764,
        "support": 80.0
    },
    "7": {
        "precision": 0.9859154929577465,
        "recall": 0.9859154929577465,
        "f1-score": 0.9859154929577465,
        "support": 71.0
    },
    "8": {
        "precision": 1.0,
        "recall": 0.96,
        "f1-score": 0.9795918367346939,
        "support": 75.0
    },
    "9": {
        "precision": 0.9324324324324325,
        "recall": 0.9583333333333334,
        "f1-score": 0.9452054794520548,
        "support": 72.0
    },
    "accuracy": 0.9741541353383458,
    "macro avg": {
        "precision": 0.9756060636473285,
        "recall": 0.9750350699127709,
        "f1-score": 0.9750392769515821,
        "support": 2128.0
    },
    "weighted avg": {
        "precision": 0.9747567795433489,
        "recall": 0.9741541353383458,
        "f1-score": 0.9741599900440121,
        "support": 2128.0
    }
}