{"epoch": [0, 1, 2, 3, 4, 5, 6, 7, 8, 9], "loss": [0.047847432456494865, 0.038525120146640536, 0.032333195938549206, 0.02814425325889337, 0.02518558946314777, 0.023005346263308708, 0.02133089523140276, 0.02000284680267445, 0.018934057049434728, 0.018045479468595055], "accuracy": [0, 0, 0, 0, 0, 0, 0, 0, 0, 0], "val_loss": [0.04202387123691793, 0.034271053027133555, 0.028994576955328182, 0.025770343152844176, 0.0226746376558226, 0.020969446532580316, 0.019514770307102983, 0.018268493888329487, 0.017118574806622096, 0.016448738495914304], "val_accuracy": [57.5, 68.68367346938776, 74.15306122448979, 76.09183673469387, 77.93877551020408, 79.72448979591837, 80.39795918367346, 81.04081632653062, 82.18367346938776, 82.29591836734694]}