{
    "cv_scores": [
        0.9764982373678026,
        0.9717978848413631,
        0.9659224441833137,
        0.9553466509988249,
        0.964159811985899
    ],
    "cv_mean": 0.9667450058754408,
    "cv_std": 0.00718247087658574,
    "n_selected_features": 33
}