{
    "0": {
        "precision": 0.9726027397260274,
        "recall": 0.9594594594594594,
        "f1-score": 0.9659863945578231,
        "support": 74.0
    },
    "1": {
        "precision": 0.9404761904761905,
        "recall": 1.0,
        "f1-score": 0.9693251533742331,
        "support": 79.0
    },
    "10": {
        "precision": 1.0,
        "recall": 0.987012987012987,
        "f1-score": 0.9934640522875817,
        "support": 77.0
    },
    "11": {
        "precision": 1.0,
        "recall": 1.0,
        "f1-score": 1.0,
        "support": 76.0
    },
    "12": {
        "precision": 0.9868421052631579,
        "recall": 0.9615384615384616,
        "f1-score": 0.974025974025974,
        "support": 78.0
    },
    "13": {
        "precision": 0.9863013698630136,
        "recall": 0.96,
        "f1-score": 0.972972972972973,
        "support": 75.0
    },
    "14": {
        "precision": 0.9863013698630136,
        "recall": 0.9863013698630136,
        "f1-score": 0.9863013698630136,
        "support": 73.0
    },
    "15": {
        "precision": 0.9866666666666667,
        "recall": 0.9736842105263158,
        "f1-score": 0.9801324503311258,
        "support": 76.0
    },
    "16": {
        "precision": 0.9838709677419355,
        "recall": 0.9682539682539683,
        "f1-score": 0.976,
        "support": 63.0
    },
    "17": {
        "precision": 0.9135802469135802,
        "recall": 0.9487179487179487,
        "f1-score": 0.9308176100628931,
        "support": 78.0
    },
    "18": {
        "precision": 0.9036144578313253,
        "recall": 0.974025974025974,
        "f1-score": 0.9375,
        "support": 77.0
    },
    "19": {
        "precision": 0.9493670886075949,
        "recall": 0.9868421052631579,
        "f1-score": 0.967741935483871,
        "support": 76.0
    },
    "2": {
        "precision": 1.0,
        "recall": 1.0,
        "f1-score": 1.0,
        "support": 74.0
    },
    "20": {
        "precision": 0.972972972972973,
        "recall": 0.9113924050632911,
        "f1-score": 0.9411764705882353,
        "support": 79.0
    },
    "21": {
        "precision": 0.9753086419753086,
        "recall": 0.9875,
        "f1-score": 0.9813664596273292,
        "support": 80.0
    },
    "22": {
        "precision": 1.0,
        "recall": 0.987012987012987,
        "f1-score": 0.9934640522875817,
        "support": 77.0
    },
    "23": {
        "precision": 0.975,
        "recall": 1.0,
        "f1-score": 0.9873417721518988,
        "support": 78.0
    },
    "24": {
        "precision": 0.987012987012987,
        "recall": 0.9743589743589743,
        "f1-score": 0.9806451612903225,
        "support": 78.0
    },
    "25": {
        "precision": 0.9864864864864865,
        "recall": 0.9358974358974359,
        "f1-score": 0.9605263157894737,
        "support": 78.0
    },
    "26": {
        "precision": 0.9605263157894737,
        "recall": 1.0,
        "f1-score": 0.9798657718120806,
        "support": 73.0
    },
    "27": {
        "precision": 1.0,
        "recall": 1.0,
        "f1-score": 1.0,
        "support": 2.0
    },
    "28": {
        "precision": 1.0,
        "recall": 1.0,
        "f1-score": 1.0,
        "support": 80.0
    },
    "3": {
        "precision": 0.948051948051948,
        "recall": 0.9605263157894737,
        "f1-score": 0.954248366013072,
        "support": 76.0
    },
    "4": {
        "precision": 0.9605263157894737,
        "recall": 0.9733333333333334,
        "f1-score": 0.9668874172185431,
        "support": 75.0
    },
    "5": {
        "precision": 0.9864864864864865,
        "recall": 0.9358974358974359,
        "f1-score": 0.9605263157894737,
        "support": 78.0
    },
    "6": {
        "precision": 0.9753086419753086,
        "recall": 0.9875,
        "f1-score": 0.9813664596273292,
        "support": 80.0
    },
    "7": {
        "precision": 0.9859154929577465,
        "recall": 0.9859154929577465,
        "f1-score": 0.9859154929577465,
        "support": 71.0
    },
    "8": {
        "precision": 1.0,
        "recall": 0.96,
        "f1-score": 0.9795918367346939,
        "support": 75.0
    },
    "9": {
        "precision": 0.9444444444444444,
        "recall": 0.9444444444444444,
        "f1-score": 0.9444444444444444,
        "support": 72.0
    },
    "accuracy": 0.9732142857142857,
    "macro avg": {
        "precision": 0.9747470323067292,
        "recall": 0.9741246658419451,
        "f1-score": 0.9741942844583349,
        "support": 2128.0
    },
    "weighted avg": {
        "precision": 0.9737920643172293,
        "recall": 0.9732142857142857,
        "f1-score": 0.9732488497247358,
        "support": 2128.0
    }
}