{
    "training_history": {
        "phase1": {
            "train_losses": [
                0.766365497989216,
                0.41320074363344017,
                0.3475664823802038,
                0.3078452584027559,
                0.27760132946245286,
                0.25966519656366316,
                0.24602515804228084,
                0.22695924014623822,
                0.22039248044035215,
                0.21129055121977783,
                0.20686082469877498,
                0.1955467562930894,
                0.1922484567485236,
                0.1831109171664749,
                0.1807897192637982
            ],
            "train_accuracies": [
                75.90517241379311,
                86.18103448275862,
                88.36637931034483,
                89.48275862068965,
                90.67528735632185,
                91.20833333333333,
                91.7485632183908,
                92.40948275862068,
                92.62931034482759,
                92.94396551724138,
                93.10919540229885,
                93.48994252873563,
                93.54022988505747,
                93.83189655172414,
                93.96982758620689
            ],
            "val_losses": [
                0.2118583596585428,
                0.14775884993073038,
                0.12008069943198386,
                0.10423285032704692,
                0.09247018242090502,
                0.08480435632244575,
                0.08145838613478083,
                0.06861927105295335,
                0.0647978727647569,
                0.057587959344827515,
                0.05698260759612929,
                0.04993450748374658,
                0.054614684621971235,
                0.05227033709439531,
                0.05153030793136328
            ],
            "val_accuracies": [
                93.24137931034483,
                95.50574712643679,
                96.26436781609195,
                96.66666666666667,
                97.0919540229885,
                97.22988505747126,
                97.62068965517241,
                97.95402298850574,
                98.0919540229885,
                98.27586206896552,
                98.40229885057471,
                98.55172413793103,
                98.42528735632185,
                98.39080459770115,
                98.36781609195403
            ]
        },
        "phase2": {
            "train_losses": [
                0.1238879445053894,
                0.08129286685476786,
                0.06359002739043863,
                0.052638309091736356,
                0.04239306823093573,
                0.03856227337321181,
                0.03264734694926903,
                0.029675068339619293,
                0.025522484517905154,
                0.0236360453725284,
                0.02158583906333326,
                0.019598756486398767,
                0.018356865422897866,
                0.016280296910182845,
                0.015333555627606901,
                0.014885710270064427,
                0.014111657436992626
            ],
            "train_accuracies": [
                95.76724137931035,
                97.25431034482759,
                97.91522988505747,
                98.32902298850574,
                98.67097701149426,
                98.77873563218391,
                99.00862068965517,
                99.09051724137932,
                99.23419540229885,
                99.3146551724138,
                99.35775862068965,
                99.4066091954023,
                99.42816091954023,
                99.55316091954023,
                99.54597701149426,
                99.55459770114942,
                99.60632183908046
            ],
            "val_losses": [
                0.02405998795888188,
                0.01879497801136869,
                0.01390488957900636,
                0.010118055626181184,
                0.008256908334367515,
                0.00706273528494956,
                0.005690540102932573,
                0.0043904023247892734,
                0.004298810888432105,
                0.004478215239848449,
                0.003267449431364987,
                0.003342648441783989,
                0.0028662162678488932,
                0.002014123465789239,
                0.003401677944810565,
                0.002014279400234099,
                0.0021560645837004865
            ],
            "val_accuracies": [
                99.39080459770115,
                99.48275862068965,
                99.62068965517241,
                99.74712643678161,
                99.7816091954023,
                99.82758620689656,
                99.9080459770115,
                99.89655172413794,
                99.89655172413794,
                99.93103448275862,
                99.91954022988506,
                99.89655172413794,
                99.91954022988506,
                99.96551724137932,
                99.86206896551724,
                99.93103448275862,
                99.95402298850574
            ]
        }
    },
    "final_metrics": {
        "test_loss": 0.004117180766249529,
        "test_accuracy": 99.8735632183908,
        "classification_report": {
            "A": {
                "precision": 1.0,
                "recall": 1.0,
                "f1-score": 1.0,
                "support": 305
            },
            "B": {
                "precision": 1.0,
                "recall": 1.0,
                "f1-score": 1.0,
                "support": 270
            },
            "C": {
                "precision": 1.0,
                "recall": 1.0,
                "f1-score": 1.0,
                "support": 286
            },
            "D": {
                "precision": 1.0,
                "recall": 1.0,
                "f1-score": 1.0,
                "support": 270
            },
            "E": {
                "precision": 1.0,
                "recall": 1.0,
                "f1-score": 1.0,
                "support": 309
            },
            "F": {
                "precision": 1.0,
                "recall": 1.0,
                "f1-score": 1.0,
                "support": 286
            },
            "G": {
                "precision": 1.0,
                "recall": 1.0,
                "f1-score": 1.0,
                "support": 316
            },
            "H": {
                "precision": 1.0,
                "recall": 1.0,
                "f1-score": 1.0,
                "support": 300
            },
            "I": {
                "precision": 1.0,
                "recall": 0.9964539007092199,
                "f1-score": 0.9982238010657194,
                "support": 282
            },
            "J": {
                "precision": 1.0,
                "recall": 1.0,
                "f1-score": 1.0,
                "support": 278
            },
            "K": {
                "precision": 0.993485342019544,
                "recall": 1.0,
                "f1-score": 0.9967320261437909,
                "support": 305
            },
            "L": {
                "precision": 1.0,
                "recall": 1.0,
                "f1-score": 1.0,
                "support": 298
            },
            "M": {
                "precision": 1.0,
                "recall": 1.0,
                "f1-score": 1.0,
                "support": 348
            },
            "N": {
                "precision": 1.0,
                "recall": 1.0,
                "f1-score": 1.0,
                "support": 312
            },
            "O": {
                "precision": 1.0,
                "recall": 1.0,
                "f1-score": 1.0,
                "support": 307
            },
            "P": {
                "precision": 1.0,
                "recall": 0.9965635738831615,
                "f1-score": 0.9982788296041308,
                "support": 291
            },
            "Q": {
                "precision": 0.9962406015037594,