{
    "cv_scores": [
        0.9864864864864865,
        0.9770857814336075,
        0.9723854289071681,
        0.9612220916568742,
        0.9759106933019976
    ],
    "cv_mean": 0.9746180963572268,
    "cv_std": 0.008161577134752233,
    "n_selected_features": 33
}