{
    "0": {
        "precision": 0.9594594594594594,
        "recall": 0.9594594594594594,
        "f1-score": 0.9594594594594594,
        "support": 74.0
    },
    "1": {
        "precision": 0.9518072289156626,
        "recall": 1.0,
        "f1-score": 0.9753086419753086,
        "support": 79.0
    },
    "10": {
        "precision": 1.0,
        "recall": 0.987012987012987,
        "f1-score": 0.9934640522875817,
        "support": 77.0
    },
    "11": {
        "precision": 1.0,
        "recall": 1.0,
        "f1-score": 1.0,
        "support": 76.0
    },
    "12": {
        "precision": 1.0,
        "recall": 0.9615384615384616,
        "f1-score": 0.9803921568627451,
        "support": 78.0
    },
    "13": {
        "precision": 0.9864864864864865,
        "recall": 0.9733333333333334,
        "f1-score": 0.9798657718120806,
        "support": 75.0
    },
    "14": {
        "precision": 0.9863013698630136,
        "recall": 0.9863013698630136,
        "f1-score": 0.9863013698630136,
        "support": 73.0
    },
    "15": {
        "precision": 0.9866666666666667,
        "recall": 0.9736842105263158,
        "f1-score": 0.9801324503311258,
        "support": 76.0
    },
    "16": {
        "precision": 1.0,
        "recall": 0.9841269841269841,
        "f1-score": 0.992,
        "support": 63.0
    },
    "17": {
        "precision": 0.9620253164556962,
        "recall": 0.9743589743589743,
        "f1-score": 0.9681528662420382,
        "support": 78.0
    },
    "18": {
        "precision": 0.9156626506024096,
        "recall": 0.987012987012987,
        "f1-score": 0.95,
        "support": 77.0
    },
    "19": {
        "precision": 0.9493670886075949,
        "recall": 0.9868421052631579,
        "f1-score": 0.967741935483871,
        "support": 76.0
    },
    "2": {
        "precision": 1.0,
        "recall": 1.0,
        "f1-score": 1.0,
        "support": 74.0
    },
    "20": {
        "precision": 0.9868421052631579,
        "recall": 0.9493670886075949,
        "f1-score": 0.967741935483871,
        "support": 79.0
    },
    "21": {
        "precision": 0.975609756097561,
        "recall": 1.0,
        "f1-score": 0.9876543209876543,
        "support": 80.0
    },
    "22": {
        "precision": 1.0,
        "recall": 1.0,
        "f1-score": 1.0,
        "support": 77.0
    },
    "23": {
        "precision": 0.9873417721518988,
        "recall": 1.0,
        "f1-score": 0.9936305732484076,
        "support": 78.0
    },
    "24": {
        "precision": 1.0,
        "recall": 0.9743589743589743,
        "f1-score": 0.987012987012987,
        "support": 78.0
    },
    "25": {
        "precision": 1.0,
        "recall": 0.9487179487179487,
        "f1-score": 0.9736842105263158,
        "support": 78.0
    },
    "26": {
        "precision": 0.9733333333333334,
        "recall": 1.0,
        "f1-score": 0.9864864864864865,
        "support": 73.0
    },
    "27": {
        "precision": 1.0,
        "recall": 1.0,
        "f1-score": 1.0,
        "support": 2.0
    },
    "28": {
        "precision": 1.0,
        "recall": 1.0,
        "f1-score": 1.0,
        "support": 80.0
    },
    "3": {
        "precision": 0.961038961038961,
        "recall": 0.9736842105263158,
        "f1-score": 0.9673202614379085,
        "support": 76.0
    },
    "4": {
        "precision": 0.9736842105263158,
        "recall": 0.9866666666666667,
        "f1-score": 0.9801324503311258,
        "support": 75.0
    },
    "5": {
        "precision": 0.9864864864864865,
        "recall": 0.9358974358974359,
        "f1-score": 0.9605263157894737,
        "support": 78.0
    },
    "6": {
        "precision": 0.9876543209876543,
        "recall": 1.0,
        "f1-score": 0.9937888198757764,
        "support": 80.0
    },
    "7": {
        "precision": 0.9859154929577465,
        "recall": 0.9859154929577465,
        "f1-score": 0.9859154929577465,
        "support": 71.0
    },
    "8": {
        "precision": 1.0,
        "recall": 0.96,
        "f1-score": 0.9795918367346939,
        "support": 75.0
    },
    "9": {
        "precision": 0.9452054794520548,
        "recall": 0.9583333333333334,
        "f1-score": 0.9517241379310345,
        "support": 72.0
    },
    "accuracy": 0.9802631578947368,
    "macro avg": {
        "precision": 0.9814099374259367,
        "recall": 0.9809176559848859,
        "f1-score": 0.9809665011420932,
        "support": 2128.0
    },
    "weighted avg": {
        "precision": 0.9807403585950725,
        "recall": 0.9802631578947368,
        "f1-score": 0.9802941769367004,
        "support": 2128.0
    }
}