{
    "training_history": {
        "phase1": {
            "train_losses": [
                1.4261411425848116,
                0.9239483403611457,
                0.8171776591498277,
                0.7493326096425111,
                0.7033371106303972,
                0.6618417889290843,
                0.6434748901854986,
                0.6133735141671937,
                0.5932467961174318,
                0.5863235185201141,
                0.5678101542078215,
                0.5529321793441114,
                0.5443024582424383,
                0.5284409259893428,
                0.5223608429438766,
                0.5235056617993048,
                0.5099750106704646,
                0.49866137190111753,
                0.4948995567430025,
                0.49464323450436537
            ],
            "train_accuracies": [
                55.91235632183908,
                70.28879310344827,
                73.38793103448276,
                75.5014367816092,
                77.03879310344827,
                78.35488505747126,
                78.74425287356321,
                79.73706896551724,
                80.54166666666667,
                80.92097701149426,
                81.36494252873563,
                81.9080459770115,
                82.22844827586206,
                82.73132183908046,
                82.94827586206897,
                82.95545977011494,
                83.18247126436782,
                83.5617816091954,
                83.81752873563218,
                83.95402298850574
            ],
            "val_losses": [
                0.4745698004194042,
                0.36311003053560853,
                0.3178589850225869,
                0.27590111048673005,
                0.24766743098906077,
                0.22155368900583947,
                0.218326717026203,
                0.20276896185789475,
                0.19688535191337853,
                0.18861438000150135,
                0.17706734126926782,
                0.16090832049410572,
                0.16302797698881477,
                0.1587342704399763,
                0.15992329187472076,
                0.15717808350318058,
                0.14963777992627858,
                0.14774044428486377,
                0.1377647220472093,
                0.1375990061171572
            ],
            "val_accuracies": [
                85.64367816091954,
                88.58620689655173,
                89.85057471264368,
                91.67816091954023,
                92.49425287356321,
                93.24137931034483,
                93.08045977011494,
                93.77011494252874,
                94.02298850574712,
                93.94252873563218,
                94.50574712643679,
                94.82758620689656,
                94.77011494252874,
                95.47126436781609,
                95.03448275862068,
                95.14942528735632,
                95.58620689655173,
                95.35632183908046,
                95.91954022988506,
                95.80459770114942
            ]
        },
        "phase2": {
            "train_losses": [
                0.3368216565970717,
                0.2608002785070874,
                0.2241199060409576,
                0.19408522132056197,
                0.17716776130357006,
                0.1612541880038963,
                0.14473420907925258,
                0.13523596568953716,
                0.12730144995125545,
                0.11534623429564567,
                0.11086555286471186,
                0.1037815553954021,
                0.09703537003469022,
                0.09065264372818771,
                0.08662471957590388,
                0.084349103273674,
                0.0788791684535514,
                0.07688672259000355,
                0.07307488264494587,
                0.06991599200143554
            ],
            "train_accuracies": [
                89.00862068965517,
                91.38505747126437,
                92.70258620689656,
                93.76580459770115,
                94.32758620689656,
                94.88793103448276,
                95.37787356321839,
                95.78879310344827,
                96.00574712643679,
                96.40086206896552,
                96.54310344827586,
                96.77442528735632,
                97.02298850574712,
                97.22988505747126,
                97.37931034482759,
                97.38074712643679,
                97.59051724137932,
                97.6882183908046,
                97.72988505747126,
                97.86781609195403
            ],
            "val_losses": [
                0.07623820469769485,
                0.05849061718018835,
                0.04493362963993979,
                0.037810006184907465,
                0.03474325223813888,
                0.028249292780802696,
                0.025403975946948563,
                0.023862651553987663,
                0.021104318161044775,
                0.01946567998974762,
                0.015802424812671446,
                0.015014489986189053,
                0.01249756543096309,
                0.012815003314137678,
                0.01007692516031966,
                0.01105118424675311,
                0.00903435431449479,
                0.008742032326796,
                0.006509495636825758,
                0.006982116620533548
            ],
            "val_accuracies": [
                97.93103448275862,
                98.45977011494253,
                98.97701149425288,
                99.16091954022988,
                99.10344827586206,
                99.3103448275862,
                99.40229885057471,
                99.47126436781609,
                99.4367816091954,
                99.45977011494253,
                99.59770114942529,
                99.62068965517241,
                99.70114942528735,
                99.6896551724138,
                99.816091954023,
                99.73563218390805,
                99.80459770114942,
                99.77011494252874,
                99.88505747126437,
                99.82758620689656
            ]
        }
    },
    "final_metrics": {
        "test_loss": 0.008979564092602659,
        "test_accuracy": 99.7816091954023,
        "classification_report": {
            "A": {
                "precision": 0.993485342019544,
                "recall": 1.0,
                "f1-score": 0.9967320261437909,
                "support": 305
            },
            "B": {
                "precision": 0.9962962962962963,
                "recall": 0.9962962962962963,
                "f1-score": 0.9962962962962963,
                "support": 270
            },
            "C": {
                "precision": 1.0,
                "recall": 1.0,
                "f1-score": 1.0,
                "support": 286
            },
            "D": {
                "precision": 1.0,
                "recall": 1.0,
                "f1-score": 1.0,
                "support": 270
            },
            "E": {
                "precision": 0.9967637540453075,
                "recall": 0.9967637540453075,
                "f1-score": 0.9967637540453075,
                "support": 309
            },
            "F": {
                "precision": 1.0,
                "recall": 1.0,
                "f1-score": 1.0,
                "support": 286
            },
            "G": {
                "precision": 1.0,
                "recall": 1.0,
                "f1-score": 1.0,
                "support": 316
            },
            "H": {
                "precision": 1.0,
                "recall": 1.0,
                "f1-score": 1.0,
                "support": 300
            },
            "I": {
                "precision": 1.0,
                "recall": 0.9964539007092199,
                "f1-score": 0.9982238010657194,
                "support": 282
            },
            "J": {
                "precision": 1.0,