{
    "cv_scores": [
        0.8954171562867215,
        0.8971797884841363,
        0.9024676850763808,
        0.8860164512338425,
        0.8889541715628673
    ],
    "cv_mean": 0.8940070505287896,
    "cv_std": 0.00588248696159051,
    "n_selected_features": 31
}