{
    "0": {
        "precision": 0.9154929577464789,
        "recall": 0.8783783783783784,
        "f1-score": 0.896551724137931,
        "support": 74.0
    },
    "1": {
        "precision": 0.9186046511627907,
        "recall": 1.0,
        "f1-score": 0.9575757575757575,
        "support": 79.0
    },
    "10": {
        "precision": 0.9672131147540983,
        "recall": 0.7662337662337663,
        "f1-score": 0.855072463768116,
        "support": 77.0
    },
    "11": {
        "precision": 0.948051948051948,
        "recall": 0.9605263157894737,
        "f1-score": 0.954248366013072,
        "support": 76.0
    },
    "12": {
        "precision": 0.9655172413793104,
        "recall": 0.717948717948718,
        "f1-score": 0.8235294117647058,
        "support": 78.0
    },
    "13": {
        "precision": 0.8961038961038961,
        "recall": 0.92,
        "f1-score": 0.9078947368421053,
        "support": 75.0
    },
    "14": {
        "precision": 0.9466666666666667,
        "recall": 0.9726027397260274,
        "f1-score": 0.9594594594594594,
        "support": 73.0
    },
    "15": {
        "precision": 1.0,
        "recall": 0.7236842105263158,
        "f1-score": 0.8396946564885496,
        "support": 76.0
    },
    "16": {
        "precision": 0.7763157894736842,
        "recall": 0.9365079365079365,
        "f1-score": 0.8489208633093526,
        "support": 63.0
    },
    "17": {
        "precision": 0.7272727272727273,
        "recall": 0.8205128205128205,
        "f1-score": 0.7710843373493976,
        "support": 78.0
    },
    "18": {
        "precision": 0.711340206185567,
        "recall": 0.8961038961038961,
        "f1-score": 0.7931034482758621,
        "support": 77.0
    },
    "19": {
        "precision": 0.9594594594594594,
        "recall": 0.9342105263157895,
        "f1-score": 0.9466666666666667,
        "support": 76.0
    },
    "2": {
        "precision": 0.9736842105263158,
        "recall": 1.0,
        "f1-score": 0.9866666666666667,
        "support": 74.0
    },
    "20": {
        "precision": 0.8333333333333334,
        "recall": 0.6329113924050633,
        "f1-score": 0.7194244604316546,
        "support": 79.0
    },
    "21": {
        "precision": 0.7450980392156863,
        "recall": 0.95,
        "f1-score": 0.8351648351648352,
        "support": 80.0
    },
    "22": {
        "precision": 1.0,
        "recall": 0.961038961038961,
        "f1-score": 0.9801324503311258,
        "support": 77.0
    },
    "23": {
        "precision": 0.8,
        "recall": 0.9743589743589743,
        "f1-score": 0.8786127167630058,
        "support": 78.0
    },
    "24": {
        "precision": 0.9102564102564102,
        "recall": 0.9102564102564102,
        "f1-score": 0.9102564102564102,
        "support": 78.0
    },
    "25": {
        "precision": 0.8904109589041096,
        "recall": 0.8333333333333334,
        "f1-score": 0.8609271523178808,
        "support": 78.0
    },
    "26": {
        "precision": 0.948051948051948,
        "recall": 1.0,
        "f1-score": 0.9733333333333334,
        "support": 73.0
    },
    "27": {
        "precision": 1.0,
        "recall": 1.0,
        "f1-score": 1.0,
        "support": 2.0
    },
    "28": {
        "precision": 1.0,
        "recall": 1.0,
        "f1-score": 1.0,
        "support": 80.0
    },
    "3": {
        "precision": 0.9193548387096774,
        "recall": 0.75,
        "f1-score": 0.8260869565217391,
        "support": 76.0
    },
    "4": {
        "precision": 0.8846153846153846,
        "recall": 0.92,
        "f1-score": 0.9019607843137255,
        "support": 75.0
    },
    "5": {
        "precision": 0.9240506329113924,
        "recall": 0.9358974358974359,
        "f1-score": 0.9299363057324841,
        "support": 78.0
    },
    "6": {
        "precision": 0.9506172839506173,
        "recall": 0.9625,
        "f1-score": 0.9565217391304348,
        "support": 80.0
    },
    "7": {
        "precision": 0.971830985915493,
        "recall": 0.971830985915493,
        "f1-score": 0.971830985915493,
        "support": 71.0
    },
    "8": {
        "precision": 0.927536231884058,
        "recall": 0.8533333333333334,
        "f1-score": 0.8888888888888888,
        "support": 75.0
    },
    "9": {
        "precision": 0.881578947368421,
        "recall": 0.9305555555555556,
        "f1-score": 0.9054054054054054,
        "support": 72.0
    },
    "accuracy": 0.8961466165413534,
    "macro avg": {
        "precision": 0.9066364780654992,
        "recall": 0.9004388169012993,
        "f1-score": 0.8992741718215193,
        "support": 2128.0
    },
    "weighted avg": {
        "precision": 0.9035388630119301,
        "recall": 0.8961466165413534,
        "f1-score": 0.8953922534456398,
        "support": 2128.0
    }
}